timestamp_ms,in_flight,current_dop,total_requests,idle_slots,rate_tokens,tp_pending,tp_count
8,0,4,0,4,28,0,3
33,4,4,0,0,24,0,7
58,4,4,0,0,28,0,7
83,4,4,0,0,28,0,7
108,4,4,0,0,28,0,7
133,4,4,0,0,28,0,7
158,4,4,0,0,28,0,7
183,4,4,0,0,28,0,7
208,4,4,0,0,28,0,7
234,4,4,0,0,28,0,7
259,4,4,0,0,28,0,7
284,4,4,0,0,28,0,9
309,4,4,0,0,28,0,9
334,4,4,0,0,28,0,9
359,4,4,0,0,28,0,9
384,4,4,0,0,28,0,9
408,4,4,0,0,28,0,9
434,4,4,0,0,28,0,9
459,4,4,0,0,28,0,9
484,4,4,0,0,28,0,9
509,4,4,0,0,28,0,9
534,4,4,0,0,28,0,9
559,4,4,0,0,28,0,9
584,4,4,0,0,28,0,9
609,4,4,0,0,28,0,9
634,4,4,0,0,28,0,9
659,4,4,0,0,28,0,9
684,4,4,0,0,28,0,9
709,4,4,0,0,28,0,9
734,4,4,0,0,28,0,9
759,4,4,0,0,28,0,9
784,4,4,0,0,28,0,9
809,4,4,0,0,28,0,9
834,4,4,0,0,28,0,9
859,4,4,0,0,28,0,9
884,4,4,0,0,28,0,9
909,4,4,0,0,28,0,9
934,4,4,0,0,28,0,9
959,4,4,0,0,28,0,9
984,4,4,0,0,28,0,9
1009,4,4,0,0,28,0,9
1034,4,4,0,0,28,0,9
1059,4,4,0,0,28,0,9
1084,4,4,0,0,28,0,9
1109,4,4,0,0,28,0,9
1134,4,4,0,0,28,0,9
1160,4,4,0,0,28,0,9
1185,4,4,0,0,28,0,9
1210,4,4,0,0,28,0,9
1235,4,4,0,0,28,0,9
1260,4,4,0,0,28,0,9
1285,4,4,0,0,28,0,9
1310,4,4,0,0,28,0,9
1335,4,4,0,0,28,0,9
1360,4,4,0,0,28,0,9
1385,4,4,0,0,28,0,9
1410,4,4,0,0,28,0,9
1435,4,4,0,0,28,0,9
1460,4,4,0,0,28,0,9
1485,4,4,2,0,27,0,9
1510,4,4,2,0,28,0,9
1535,4,4,3,0,27,0,9
1560,4,4,3,0,28,0,9
1585,4,4,4,0,27,0,9
1610,4,4,4,0,28,0,9
1635,4,4,4,0,28,0,9
1660,4,4,4,0,28,0,9
1686,4,4,4,0,28,0,9
1711,4,4,4,0,28,0,9
1736,4,4,4,0,28,0,9
1761,4,4,4,0,28,0,9
1786,4,4,4,0,28,0,9
1811,4,4,4,0,28,0,9
1836,4,4,4,0,28,0,9
1862,4,4,4,0,28,0,9
1887,4,4,4,0,28,0,9
1912,4,4,4,0,28,0,9
1937,4,4,4,0,28,0,9
1962,4,4,4,0,28,0,9
1987,4,4,4,0,28,0,9
2012,4,4,4,0,28,0,9
2037,4,4,4,0,28,0,9
2063,4,4,4,0,28,0,9
2088,4,4,4,0,28,0,9
2113,4,4,4,0,28,0,9
2138,4,4,4,0,28,0,9
2163,4,4,4,0,28,0,9
2188,4,4,4,0,28,0,9
2213,4,4,4,0,28,0,9
2237,4,4,4,0,28,0,9
2263,4,4,5,0,28,0,9
2288,4,4,5,0,28,0,9
2313,4,4,5,0,28,0,9
2338,4,4,5,0,28,0,9
2363,4,4,5,0,28,0,9
2388,4,4,5,0,28,0,9
2413,4,4,6,0,28,0,9
2439,4,4,6,0,28,0,9
2464,4,4,6,0,28,0,9
2489,4,4,6,0,28,0,9
2514,4,4,6,0,28,0,9
2539,4,4,6,0,28,0,9
2564,4,4,6,0,28,0,9
2589,4,4,6,0,28,0,9
2614,4,4,6,0,28,0,9
2640,4,4,7,0,27,0,9
2665,4,4,7,0,28,0,9
2690,4,4,7,0,28,0,9
2715,4,4,7,0,28,0,9
2740,4,4,7,0,28,0,9
2765,4,4,8,0,27,0,9
2790,4,4,8,0,27,0,9
2815,4,4,8,0,28,0,9
2840,4,4,8,0,28,0,9
2866,4,4,8,0,28,0,9
2891,4,4,8,0,28,0,9
2916,4,4,8,0,28,0,9
2941,4,4,8,0,28,0,9
2966,4,4,8,0,28,0,9
2991,4,4,8,0,28,0,9
3016,4,4,8,0,28,0,9
3041,4,4,8,0,28,0,9
3066,4,4,8,0,28,0,9
3092,4,4,8,0,28,0,9
3117,4,4,8,0,28,0,9
3142,4,4,8,0,28,0,9
3167,4,4,8,0,28,0,9
3192,4,4,8,0,28,0,9
3217,4,4,8,0,28,0,9
3242,4,4,8,0,28,0,9
3266,4,4,8,0,28,0,9
3292,4,4,8,0,28,0,9
3317,4,4,8,0,28,0,9
3342,4,4,8,0,28,0,9
3367,4,4,8,0,28,0,9
3392,4,4,8,0,28,0,9
3417,4,4,8,0,28,0,9
3442,4,4,8,0,28,0,9
3466,4,4,8,0,28,0,9
3492,4,4,9,0,27,0,9
3517,4,4,11,0,27,0,9
3542,4,4,11,0,27,0,9
3567,4,4,11,0,28,0,9
3592,4,4,12,0,27,0,9
3617,4,4,12,0,28,0,9
3642,4,4,12,0,28,0,9
3667,4,4,12,0,28,0,9
3693,4,4,12,0,28,0,9
3718,4,4,12,0,28,0,9
3743,4,4,12,0,28,0,9
3768,4,4,12,0,28,0,9
3793,4,4,12,0,28,0,9
3818,4,4,12,0,28,0,9
3843,4,4,12,0,28,0,9
3869,4,4,12,0,28,0,9
3894,4,4,12,0,28,0,9
3919,4,4,12,0,28,0,9
3944,4,4,12,0,28,0,9
3969,4,4,12,0,28,0,9
3994,4,4,12,0,28,0,9
4019,4,4,12,0,28,0,9
4045,4,4,12,0,28,0,9
4070,4,4,12,0,28,0,9
4095,4,4,12,0,28,0,9
4120,4,4,12,0,28,0,9
4145,4,4,12,0,28,0,9
4170,4,4,12,0,28,0,9
4195,4,4,12,0,28,0,9
4220,4,4,12,0,28,0,9
4246,4,4,12,0,28,0,9
4271,4,4,12,0,28,0,9
4296,4,4,12,0,28,0,9
4321,4,4,12,0,28,0,9
4346,4,4,12,0,28,0,9
4371,4,4,12,0,28,0,9
4396,4,4,12,0,28,0,9
4420,4,4,12,0,28,0,9
4446,4,4,12,0,28,0,9
4471,4,4,12,0,28,0,9
4496,4,4,12,0,28,0,9
4521,4,4,12,0,28,0,9
4546,4,4,12,0,28,0,9
4571,4,4,12,0,28,0,9
4596,4,4,13,0,27,0,9
4621,4,4,13,0,28,0,9
4647,4,4,14,0,27,0,9
4672,4,4,15,0,27,0,9
4697,4,4,15,0,27,0,9
4723,4,4,15,0,28,0,9
4748,4,4,16,0,27,0,9
4773,4,4,16,0,28,0,9
4798,4,4,16,0,28,0,9
4823,4,4,16,0,28,0,9
4848,4,4,16,0,28,0,9
4873,4,4,16,0,28,0,9
4898,4,4,16,0,28,0,9
4924,4,4,16,0,28,0,9
4949,4,4,16,0,28,0,9
4974,4,4,16,0,28,0,9
4999,4,4,16,0,28,0,9
5024,4,4,16,0,28,0,9
5049,4,4,16,0,28,0,9
5074,4,4,16,0,28,0,9
5100,4,4,16,0,28,0,9
5125,4,4,16,0,28,0,9
5150,4,4,16,0,28,0,9
5175,4,4,16,0,28,0,9
5200,4,4,16,0,28,0,9
5225,4,4,16,0,28,0,9
5250,4,4,16,0,28,0,9
5275,4,4,16,0,28,0,9
5301,4,4,17,0,27,0,9
5326,4,4,17,0,28,0,9
5351,4,4,17,0,28,0,9
5376,4,4,17,0,28,0,9
5401,4,4,17,0,28,0,9
5427,4,4,17,0,28,0,9
5452,4,4,17,0,28,0,9
5477,4,4,17,0,28,0,9
5502,4,4,17,0,28,0,9
5527,4,4,18,0,27,0,9
5552,4,4,19,0,26,0,9
5577,4,4,19,0,28,0,9
5603,4,4,19,0,28,1,9
5628,4,4,19,0,28,0,9
5653,4,4,19,0,28,0,9
5678,4,4,19,0,28,0,9
5703,4,4,19,0,28,0,9
5728,4,4,19,0,28,0,9
5753,4,4,19,0,28,1,9
5778,4,4,19,0,28,0,9
5803,6,6,20,0,25,1,9
5828,6,6,20,0,28,0,9
5853,6,6,20,0,28,0,9
5878,6,6,20,0,28,0,9
5903,6,6,20,0,28,1,9
5928,6,6,20,0,28,0,9
5953,6,6,20,0,28,0,9
5979,6,6,20,0,28,0,9
6004,6,6,20,0,28,0,9
6029,6,6,20,0,28,0,9
6054,6,6,20,0,28,0,9
6079,6,6,20,0,28,0,9
6104,6,6,20,0,28,0,9
6130,6,6,20,0,28,0,9
6155,6,6,20,0,28,0,9
6180,6,6,20,0,28,0,9
6205,6,6,20,0,28,0,9
6230,6,6,20,0,28,0,9
6255,6,6,20,0,28,0,9
6280,6,6,20,0,28,0,9
6305,6,6,20,0,28,0,9
6330,6,6,20,0,28,0,9
6355,6,6,20,0,28,0,9
6380,6,6,20,0,28,0,9
6405,6,6,21,0,28,0,9
6430,6,6,21,0,28,0,9
6455,6,6,21,0,28,0,9
6481,6,6,22,0,27,0,9
6506,6,6,23,0,28,0,9
6531,6,6,23,0,28,0,9
6556,6,6,23,0,28,0,9
6581,6,6,23,0,28,0,9
6606,6,6,23,0,28,0,9
6631,6,6,23,0,28,0,9
6656,6,6,23,0,28,0,9
6681,6,6,23,0,28,0,9
6707,6,6,23,0,28,0,9
6732,6,6,23,0,28,0,9
6757,6,6,24,0,28,0,9
6782,6,6,24,0,28,0,9
6807,6,6,24,0,28,0,9
6832,6,6,24,0,28,0,9
6856,6,6,25,0,28,0,9
6882,6,6,25,0,28,0,9
6907,6,6,25,0,28,0,9
6932,6,6,25,0,28,0,9
6957,6,6,25,0,28,0,9
6982,6,6,26,0,27,0,9
7007,6,6,26,0,28,0,9
7032,6,6,26,0,28,0,9
7058,6,6,26,0,28,0,9
7083,6,6,26,0,28,0,9
7108,6,6,26,0,28,0,9
7133,6,6,26,0,28,0,9
7158,6,6,26,0,28,0,9
7183,6,6,26,0,28,0,9
7207,6,6,26,0,28,0,9
7233,6,6,26,0,28,0,9
7258,6,6,26,0,28,0,9
7283,6,6,27,0,27,0,9
7308,6,6,28,0,28,0,9
7333,6,6,28,0,28,0,9
7358,6,6,28,0,28,0,9
7383,6,6,29,0,27,0,9
7407,6,6,29,0,28,0,9
7432,6,6,29,0,28,0,9
7457,6,6,29,0,28,0,9
7484,6,6,29,0,28,0,9
7509,6,6,30,0,27,0,9
7534,6,6,30,0,27,0,9
7559,6,6,30,0,28,0,9
7584,6,6,30,0,28,0,9
7609,6,6,30,0,28,0,9
7634,6,6,30,0,28,0,9
7660,6,6,31,0,28,0,9
7685,6,6,32,0,27,0,9
7710,6,6,32,0,28,0,9
7734,6,6,32,0,28,0,9
7760,6,6,32,0,28,0,9
7786,6,6,32,0,28,0,9
7811,6,6,32,0,28,0,9
7836,6,6,32,0,28,0,9
7861,6,6,32,0,28,0,9
7886,6,6,32,0,28,0,9
7911,6,6,32,0,28,0,9
7936,6,6,32,0,28,0,9
7961,6,6,33,0,28,0,9
7986,6,6,33,0,28,0,9
8013,6,6,33,0,28,0,9
8038,6,6,34,0,27,0,9
8063,6,6,34,0,28,0,9
8089,6,6,34,0,28,0,9
8115,6,6,34,0,28,0,9
8140,6,6,34,0,28,0,9
8165,6,6,34,0,28,0,9
8190,6,6,35,0,27,0,9
8216,6,6,35,0,28,0,9
8241,6,6,35,0,28,0,9
8266,6,6,35,0,28,0,9
8291,6,6,35,0,28,0,9
8316,6,6,35,0,28,0,9
8341,6,6,36,0,28,0,9
8366,6,6,37,0,27,0,9
8392,6,6,38,0,26,0,9
8417,6,6,38,0,28,0,9
8442,6,6,38,0,28,0,9
8467,6,6,38,0,28,0,9
8492,6,6,38,0,28,0,9
8517,6,6,38,0,28,0,9
8542,6,6,38,0,28,0,9
8567,6,6,38,0,28,0,9
8592,6,6,39,0,27,0,9
8617,6,6,39,0,28,0,9
8642,6,6,39,0,28,0,9
8667,8,8,40,0,25,0,9
8692,8,8,40,0,25,0,9
8717,8,8,40,0,28,0,9
8742,8,8,40,0,28,0,9
8767,8,8,40,0,28,0,9
8792,8,8,40,0,28,0,9
8818,8,8,40,0,28,0,9
8843,8,8,40,0,28,0,9
8868,8,8,40,0,28,0,9
8893,8,8,41,0,27,0,9
8918,8,8,41,0,28,0,9
8943,8,8,42,0,27,0,9
8968,8,8,42,0,28,0,9
8993,8,8,42,0,28,0,9
9019,8,8,43,0,28,0,9
9044,8,8,44,0,27,0,9
9069,8,8,44,0,28,0,9
9094,8,8,44,0,28,0,9
9119,8,8,44,0,28,0,9
9144,8,8,44,0,28,0,9
9169,8,8,44,0,28,0,9
9194,8,8,44,0,28,0,9
9218,8,8,45,0,27,0,9
9244,8,8,45,0,27,0,9
9269,8,8,46,0,28,0,9
9295,8,8,46,0,28,0,9
9320,8,8,46,0,28,0,9
9345,8,8,46,0,28,0,9
9370,8,8,46,0,28,0,9
9395,8,8,46,0,28,0,9
9420,8,8,46,0,28,0,9
9446,8,8,46,0,28,0,9
9471,8,8,46,0,28,0,9
9496,8,8,48,0,26,0,9
9521,8,8,49,0,27,0,9
9546,8,8,49,0,27,0,9
9571,8,8,50,0,27,0,9
9596,8,8,51,0,26,0,9
9621,8,8,52,0,28,0,9
9646,8,8,52,0,28,0,9
9671,8,8,52,0,28,0,9
9696,8,8,52,0,28,0,9
9721,8,8,52,0,28,0,9
9746,8,8,52,0,28,0,9
9771,8,8,52,0,28,0,9
9797,8,8,53,0,27,0,9
9822,8,8,53,0,28,0,9
9847,8,8,54,0,27,0,9
9872,8,8,54,0,28,0,9
9897,8,8,54,0,28,0,9
9922,8,8,54,0,28,0,9
9947,8,8,54,0,28,0,9
9973,8,8,54,0,28,0,9
9998,8,8,54,0,28,0,9
10023,8,8,54,0,28,0,9
10048,8,8,54,0,28,0,9
10072,8,8,56,0,27,0,9
10098,8,8,58,0,25,0,9
10123,8,8,58,0,28,0,9
10148,8,8,59,0,27,0,9
10173,8,8,59,0,28,0,9
10198,8,8,59,0,28,0,9
10223,11,11,60,0,24,0,9
10248,11,11,60,0,24,0,9
10273,11,11,60,0,28,0,9
10298,11,11,60,0,28,0,9
10323,11,11,60,0,28,0,9
10348,11,11,61,0,27,0,9
10373,11,11,61,0,28,0,9
10398,11,11,62,0,27,0,9
10423,11,11,62,0,28,0,9
10448,11,11,62,0,28,0,9
10473,11,11,62,0,28,0,9
10498,11,11,62,0,28,0,9
10524,11,11,62,0,28,0,9
10549,11,11,62,0,28,0,9
10574,11,11,62,0,28,0,9
10599,11,11,65,0,25,0,9
10624,11,11,65,0,28,0,9
10649,11,11,65,0,28,0,9
10673,11,11,66,0,27,0,9
10699,11,11,67,0,26,0,9
10725,11,11,68,0,27,0,9
10750,11,11,68,0,27,0,9
10775,11,11,68,0,28,0,9
10800,11,11,68,0,28,0,9
10825,11,11,69,0,27,0,9
10850,11,11,69,0,27,0,9
10875,11,11,69,0,28,0,9
10900,11,11,70,0,27,0,9
10925,11,11,70,0,28,0,9
10950,11,11,70,0,28,0,9
10975,11,11,71,0,27,0,9
11000,11,11,73,0,25,0,9
11025,11,11,73,0,28,0,9
11051,11,11,73,0,28,0,9
11076,11,11,73,0,28,0,9
11101,11,11,74,0,27,0,9
11126,11,11,76,0,26,0,9
11151,11,11,76,0,26,0,9
11176,11,11,76,0,28,0,9
11201,11,11,77,0,27,0,9
11226,11,11,78,0,27,0,9
11251,11,11,79,0,26,0,9
11277,11,11,79,0,28,0,9
11302,11,11,79,0,28,0,9
11327,11,11,79,0,28,0,9
11352,11,11,79,0,28,0,9
11377,11,11,79,0,28,0,9
11402,11,11,81,0,26,0,9
11427,11,11,81,0,28,0,9
11452,11,11,81,0,28,0,9
11477,15,15,82,0,23,0,9
11502,15,15,84,0,28,0,9
11528,15,15,84,0,28,0,9
11553,15,15,84,0,28,0,9
11578,15,15,84,0,28,0,9
11603,15,15,85,0,27,0,9
11628,15,15,85,0,28,0,9
11653,15,15,86,0,27,0,9
11678,15,15,86,0,28,0,9
11703,15,15,88,0,28,0,9
11728,15,15,89,0,27,0,9
11753,15,15,89,0,28,0,9
11778,15,15,89,0,28,0,9
11803,15,15,89,0,28,0,9
11828,15,15,90,0,28,0,9
11853,15,15,91,0,28,0,9
11878,15,15,91,0,28,0,9
11903,15,15,91,0,28,1,9
11927,15,15,93,0,26,0,9
11953,15,15,94,0,25,1,9
11978,15,15,95,0,27,0,9
12003,15,15,95,0,27,1,9
12028,15,15,95,0,28,0,9
12053,15,15,95,0,28,0,9
12078,15,15,95,0,28,0,9
12103,15,15,95,0,28,0,9
12128,15,15,96,0,27,0,9
12153,15,15,97,0,28,0,9
12179,15,15,99,0,26,0,9
12204,15,15,100,0,28,0,9
12229,15,15,101,0,27,0,9
12254,15,15,102,0,28,0,9
12279,15,15,103,0,27,0,9
12304,15,15,104,0,28,0,9
12329,15,15,105,0,27,0,9
12354,15,15,105,0,28,0,9
12379,15,15,106,0,27,0,9
12404,15,15,107,0,28,0,9
12429,15,15,108,0,27,0,9
12455,15,15,109,0,28,0,9
12480,15,15,110,0,27,0,9
12505,15,15,110,0,28,0,9
12530,15,15,110,0,28,0,9
12555,15,15,110,0,28,0,9
12580,15,15,111,0,27,0,9
12605,15,15,111,0,28,0,9
12630,15,15,111,0,28,0,9
12655,20,20,114,0,28,0,9
12680,20,20,114,0,28,0,9
12705,20,20,115,0,28,0,9
12732,20,20,117,0,28,0,9
12757,20,20,117,0,28,0,9
12782,20,20,118,0,27,0,9
12807,20,20,119,0,28,0,9
12832,20,20,119,0,28,0,9
12857,20,20,119,0,28,0,9
12882,20,20,120,0,27,0,9
12907,20,20,121,0,28,0,9
12932,20,20,122,0,27,0,9
12957,20,20,123,0,28,0,9
12982,20,20,123,0,28,0,9
13008,20,20,123,0,28,0,9
13033,20,20,123,0,28,0,9
13058,20,20,123,0,28,0,9
13083,20,20,123,0,28,0,9
13108,20,20,123,0,28,0,9
13133,20,20,123,0,28,0,9
13158,20,20,123,0,28,0,9
13183,20,20,123,0,28,0,9
13209,20,20,123,0,28,0,9
13234,20,20,123,0,28,0,9
13259,20,20,123,0,28,0,9
13284,20,20,124,0,27,0,9
13309,20,20,125,0,28,0,9
13334,20,20,127,0,26,0,9
13359,20,20,129,0,28,0,9
13385,20,20,130,0,27,0,9
13410,20,20,133,0,25,0,9
13435,20,20,138,0,20,0,9
13460,20,20,139,0,27,0,9
13485,20,20,141,0,25,0,9
13510,20,20,141,0,28,0,9
13535,20,20,141,0,28,0,9
13559,20,20,141,0,28,0,9
13585,20,20,142,0,27,0,9
13610,20,20,143,0,27,0,9
13635,20,20,143,0,27,0,9
13660,20,20,143,0,28,0,9
13685,20,20,143,0,28,0,9
13710,20,20,143,0,28,0,9
13735,20,20,143,0,28,0,9
13760,20,20,143,0,28,0,9
13785,20,20,143,0,28,0,9
13810,20,20,144,0,28,0,9
13835,20,20,145,0,27,0,9
13860,20,20,148,0,28,0,9
13885,20,20,152,0,22,4,9
13911,27,27,154,0,27,0,11
13936,27,27,157,0,24,0,11
13961,27,27,158,0,28,0,11
13986,27,27,160,0,26,0,11
14011,27,27,162,0,27,0,11
14036,27,27,162,0,27,0,11
14061,27,27,162,0,28,0,11
14086,27,27,162,0,28,0,11
14111,27,27,162,0,28,0,11
14136,27,27,163,0,27,0,11
14161,27,27,163,0,28,0,11
14186,27,27,163,0,28,0,11
14211,27,27,163,0,28,0,11
14236,27,27,163,0,28,0,11
14260,27,27,163,0,28,0,11
14286,27,27,163,0,28,0,11
14311,27,27,164,0,28,0,11
14336,27,27,167,0,25,0,11
14361,27,27,171,0,27,0,11
14386,27,27,174,0,24,0,11
14411,27,27,176,0,28,0,11
14436,27,27,177,0,27,0,11
14461,27,27,177,0,28,0,11
14486,27,27,179,0,26,0,11
14510,27,27,181,0,28,0,11
14536,27,27,182,0,27,0,11
14561,27,27,182,0,28,0,11
14586,27,27,183,0,27,0,11
14611,27,27,188,0,26,0,11
14636,27,27,189,0,25,0,11
14661,27,27,189,0,28,0,11
14686,27,27,189,0,28,0,11
14711,27,27,190,0,28,0,11
14736,27,27,191,0,27,0,11
14761,27,27,193,0,28,0,11
14788,27,27,195,0,27,0,11
14813,27,27,198,0,26,0,11
14838,27,27,202,0,22,0,11
14863,27,27,204,0,28,0,11
14888,27,27,205,0,27,0,11
14913,36,36,206,0,18,0,11
14938,36,36,208,0,16,0,11
14964,36,36,208,0,28,0,11
14994,36,36,210,0,26,0,11
15019,36,36,211,0,27,0,11
15044,36,36,214,0,24,0,11
15069,36,36,215,0,28,0,11
15094,36,36,216,0,27,0,11
15119,36,36,217,0,27,0,11
15144,36,36,217,0,27,0,11
15169,36,36,219,0,26,0,11
15194,36,36,220,0,25,0,11
15219,36,36,220,0,28,0,11
15244,36,36,221,0,27,0,11
15269,36,36,221,0,28,0,11
15295,36,36,221,0,28,0,11
15320,36,36,221,0,28,0,11
15345,36,36,222,0,27,0,11
15370,36,36,222,0,28,0,11
15395,36,36,222,0,28,0,11
15420,36,36,222,0,28,0,11
15445,36,36,222,0,28,0,11
15469,36,36,222,0,28,0,11
15495,36,36,222,0,28,0,11
15520,36,36,222,0,28,0,11
15545,36,36,222,0,28,0,11
15570,36,36,222,0,28,0,11
15595,36,36,223,0,27,0,11
15620,36,36,224,0,27,0,11
15645,36,36,228,0,23,0,11
15671,36,36,231,0,26,0,11
15696,36,36,234,0,23,0,11
15721,36,36,236,0,28,0,11
15746,36,36,240,0,25,0,11
15771,36,36,244,0,24,0,11
15796,36,36,248,0,20,0,11
15821,36,36,254,0,23,0,11
15846,36,36,254,0,23,0,11
15871,36,36,255,0,27,0,11
15896,36,36,255,0,27,0,11
15921,36,36,257,0,27,0,11
15946,36,36,257,0,27,0,11
15971,36,36,257,0,28,0,11
15997,36,36,258,0,27,0,11
16022,36,36,258,0,28,0,11
16047,36,36,258,0,28,0,11
16072,36,36,258,0,28,0,11
16097,36,36,258,0,28,0,11
16122,36,36,258,0,28,0,11
16147,36,36,258,0,28,0,11
16173,36,36,258,0,28,0,11
16198,36,36,258,0,28,0,11
16223,36,36,260,0,27,0,11
16248,36,36,261,0,26,0,11
16273,36,36,262,0,27,0,11
16298,36,36,265,0,25,0,11
16323,36,36,267,0,27,0,11
16348,36,36,273,0,21,0,11
16373,36,36,276,0,25,0,11
16398,48,48,281,0,8,0,12
16423,48,48,285,0,25,0,12
16448,48,48,287,0,23,0,12
16473,48,48,291,0,25,0,12
16498,48,48,291,0,25,0,12
16523,48,48,292,0,27,0,12
16548,48,48,292,0,27,0,12
16576,48,48,293,0,28,0,12
16601,48,48,294,0,26,0,12
16626,48,48,294,0,28,0,12
16651,48,48,294,0,28,0,12
16676,48,48,294,0,28,0,12
16701,48,48,294,0,28,0,12
16726,48,48,294,0,28,0,12
16752,48,48,295,0,27,0,12
16777,48,48,295,0,28,0,12
16802,48,48,297,0,26,0,12
16827,48,48,297,0,28,0,12
16852,48,48,301,0,24,0,12
16878,48,48,302,0,27,0,12
16903,48,48,307,0,28,0,12
16928,48,48,313,0,22,0,12
16953,48,48,318,0,18,1,12
16978,48,48,320,0,25,0,12
17003,48,48,321,0,28,0,12
17028,48,48,321,0,28,0,12
17053,48,48,321,0,28,0,12
17078,48,48,321,0,28,0,12
17104,48,48,321,0,28,0,12
17129,48,48,321,0,28,0,12
17154,48,48,321,0,28,0,12
17179,48,48,321,0,28,0,12
17204,48,48,321,0,28,0,12
17229,48,48,322,0,27,0,12
17255,48,48,325,0,28,0,12
17280,48,48,326,0,27,0,12
17305,48,48,330,0,28,0,12
17330,48,48,332,0,26,0,12
17355,48,48,336,0,27,0,12
17380,48,48,336,0,27,0,12
17405,48,48,339,0,28,0,12
17430,48,48,347,0,20,0,12
17456,48,48,347,0,28,0,12
17481,48,48,349,0,27,0,12
17506,48,48,359,0,26,0,12
17531,48,48,363,0,22,0,12
17556,48,48,368,0,24,0,12
17581,48,48,368,0,24,0,12
17605,48,48,369,0,28,0,12
17631,48,48,369,0,28,0,12
17656,48,48,369,0,28,0,12
17681,48,48,369,0,28,0,12
17706,48,48,369,0,28,0,12
17731,48,48,369,0,28,0,12
17756,48,48,369,0,28,0,12
17781,48,48,372,0,25,0,12
17806,64,64,374,0,28,0,13
17832,64,64,376,0,26,0,13
17857,64,64,378,0,27,0,13
17882,64,64,381,0,24,0,13
17907,64,64,383,0,27,0,13
17932,64,64,387,0,24,0,13
17957,64,64,390,0,27,0,13
17981,64,64,394,0,23,0,13
18007,64,64,400,0,26,0,13
18032,64,64,406,0,20,0,13
18057,64,64,411,0,27,0,13
18082,64,64,413,0,25,0,13
18107,64,64,414,0,28,0,13
18132,64,64,416,0,26,0,13
18157,64,64,417,0,27,0,13
18182,64,64,417,0,27,0,13
18207,64,64,417,0,28,0,13
18232,64,64,417,0,28,0,13
18257,64,64,417,0,28,0,13
18283,64,64,419,0,26,0,13
18308,64,64,420,0,27,0,13
18334,64,64,429,0,20,0,13
18359,64,64,431,0,28,0,13
18384,64,64,441,0,20,0,13
18409,64,64,458,0,23,0,13
18434,64,64,466,0,15,0,13
18459,64,64,476,0,25,0,13
18484,64,64,479,0,22,0,13
18508,64,64,480,0,27,0,13
18534,64,64,481,0,26,0,13
18559,64,64,482,0,28,0,13
18584,64,64,482,0,28,0,13
18609,64,64,486,0,26,0,13
18634,64,64,498,0,14,0,13
18659,86,86,510,0,8,0,13
18684,86,86,516,0,1,0,13
18709,86,86,517,0,27,0,13
18734,86,86,517,0,27,0,13
18759,86,86,521,0,27,0,13
18783,86,86,527,0,22,0,13
18809,86,86,532,0,28,0,13
18834,86,86,535,0,25,0,13
18859,86,86,540,0,26,0,13
18884,86,86,544,0,22,0,13
18909,86,86,559,0,24,0,13
18934,86,86,574,0,10,0,13
18959,86,86,576,0,28,0,13
18983,86,86,577,0,27,0,13
19009,86,86,578,0,27,0,13
19034,86,86,582,0,23,0,13
19059,86,86,584,0,28,0,13
19084,86,86,584,0,28,0,13
19109,86,86,584,0,28,0,13
19134,86,86,584,0,28,0,13
19160,86,86,584,0,28,0,13
19185,86,86,584,0,28,0,13
19210,86,86,584,0,28,0,13
19235,86,86,584,0,28,0,13
19260,86,86,584,0,28,0,13
19285,86,86,584,0,28,0,13
19310,86,86,584,0,28,0,13
19334,86,86,584,0,28,0,13
19360,86,86,584,0,28,0,13
19385,86,86,585,0,27,0,13
19410,86,86,587,0,28,0,13
19435,86,86,592,0,24,0,13
19461,86,86,605,0,26,1,13
19487,86,86,624,0,5,0,13
19512,86,86,636,0,21,0,13
19537,86,86,644,0,13,0,13
19562,86,86,652,0,27,0,13
19587,86,86,657,0,22,0,13
19612,86,86,662,0,26,0,13
19637,86,86,663,0,25,0,13
19661,86,86,665,0,28,0,13
19687,86,86,666,0,27,0,13
19712,86,86,666,0,28,0,13
19737,86,86,668,0,26,0,13
19762,86,86,668,0,28,0,13
19787,86,86,668,0,28,0,13
19812,86,86,669,0,28,0,13
19838,86,86,669,0,28,0,13
19863,86,86,670,0,27,0,13
19888,86,86,671,0,26,0,13
19913,86,86,672,0,28,0,13
19938,115,115,675,0,0,0,15
19963,115,115,686,0,13,0,15
19988,115,115,697,0,2,0,15
20013,115,115,709,0,18,0,15
20038,115,115,723,0,4,0,15
20063,115,115,737,0,19,0,15
20088,115,115,741,0,15,0,15
20113,115,115,746,0,27,0,15
20139,115,115,748,0,25,0,15
20164,115,115,749,0,28,0,15
20189,115,115,750,0,27,0,15
20214,115,115,752,0,27,0,15
20239,115,115,753,0,26,0,15
20264,115,115,753,0,28,0,15
20289,115,115,754,0,27,0,15
20314,115,115,754,0,28,0,15
20339,115,115,756,0,26,0,15
20364,115,115,759,0,26,0,15
20389,115,115,764,0,21,0,15
20414,115,115,771,0,27,0,15
20439,115,115,777,0,21,0,15
20464,115,115,778,0,28,0,15
20489,115,115,780,0,26,0,15
20515,115,115,781,0,27,0,15
20540,115,115,782,0,26,0,15
20565,115,115,783,0,28,0,15
20590,115,115,784,0,27,0,15
20615,115,115,787,0,27,0,15
20640,115,115,800,0,13,0,15
20665,115,115,812,0,24,0,15
20693,115,115,824,0,14,0,15
20718,115,115,842,0,22,0,15
20743,115,115,856,0,9,0,15
20769,115,115,860,0,27,0,15
20794,115,115,865,0,22,0,15
20819,115,115,871,0,25,0,15
20844,115,115,879,0,17,0,15
20869,115,115,886,0,23,0,15
20894,115,115,898,0,11,0,15
20919,154,154,907,0,0,0,15
20944,154,154,915,0,0,0,15
20969,154,154,919,0,0,0,15
20994,154,154,922,0,0,0,15
21018,154,154,923,0,22,0,15
21044,154,154,926,0,19,0,15
21069,154,154,926,0,28,0,15
21094,154,154,931,0,23,0,15
21129,154,154,947,0,21,2,15
21154,154,154,969,0,24,0,16
21179,154,154,980,0,12,0,16
21204,154,154,988,0,27,0,16
21229,154,154,999,0,16,0,16
21253,154,154,1014,0,28,0,16
21279,154,154,1019,0,23,0,16
21304,154,154,1022,0,27,0,16
21329,154,154,1023,0,26,0,16
21354,154,154,1024,0,28,0,16
21379,154,154,1024,0,28,0,16
21404,154,154,1025,0,28,0,16
21429,154,154,1025,0,28,0,16
21453,154,154,1025,0,28,0,16
21479,154,154,1025,0,28,0,16
21504,154,154,1025,0,28,0,16
21529,154,154,1025,0,28,0,16
21554,154,154,1025,0,28,0,16
21579,154,154,1025,0,28,0,16
21604,154,154,1026,0,28,0,16
21629,154,154,1031,0,23,0,16
21653,154,154,1041,0,13,0,16
21678,154,154,1055,0,15,0,16
21704,154,154,1067,0,3,2,16
21729,154,154,1086,0,8,0,16
21754,154,154,1113,0,10,0,16
21779,154,154,1136,0,0,0,16
21804,154,154,1150,0,1,0,18
21829,154,154,1158,0,0,0,18
21855,154,154,1162,0,16,0,18
21880,154,154,1165,0,13,0,18
21905,154,154,1172,0,27,0,18
21930,154,154,1174,0,25,0,18
21955,154,154,1176,0,28,0,18
21980,154,154,1178,0,26,0,18
22005,154,154,1178,0,28,0,18
22031,154,154,1179,0,27,0,18
22056,154,154,1183,0,25,0,18
22081,154,154,1187,0,22,0,18
22106,154,154,1198,0,27,0,18
22131,154,154,1210,0,15,0,18
22156,206,206,1214,0,0,0,20
22181,206,206,1219,0,0,0,20
22207,206,206,1220,0,9,0,20
22237,206,206,1224,0,7,1,20
22263,206,206,1228,0,26,0,20
22288,206,206,1236,0,18,0,20
22313,206,206,1254,0,25,0,20
22338,206,206,1274,0,5,0,21
22363,206,206,1289,0,18,0,21
22390,206,206,1297,0,12,1,21
22416,206,206,1303,0,25,0,21
22441,206,206,1307,0,21,0,21
22466,206,206,1311,0,25,0,21
22491,206,206,1314,0,22,0,21
22516,206,206,1315,0,27,0,21
22541,206,206,1315,0,27,0,21
22566,206,206,1316,0,28,0,21
22591,206,206,1318,0,26,0,21
22615,206,206,1321,0,25,0,21
22641,206,206,1321,0,25,0,21
22666,206,206,1325,0,25,0,21
22691,206,206,1333,0,17,0,21
22716,206,206,1342,0,22,0,21
22741,206,206,1356,0,8,0,21
22766,206,206,1367,0,25,0,21
22791,206,206,1375,0,19,0,21
22821,206,206,1380,0,24,0,21
22846,206,206,1402,0,1,0,21
22870,206,206,1405,0,26,0,21
22896,206,206,1413,0,18,0,21
22921,206,206,1428,0,16,0,21
22946,206,206,1438,0,6,0,21
22971,206,206,1448,0,18,0,21
22996,206,206,1457,0,10,0,21
23021,206,206,1479,0,11,0,21
23046,206,206,1506,0,0,0,21
23071,206,206,1526,0,0,0,21
23096,206,206,1541,0,0,0,21
23121,206,206,1551,0,0,0,21
23146,206,206,1573,0,0,0,21
23171,206,206,1593,0,0,0,21
23196,206,206,1605,0,0,0,21
23221,206,206,1610,0,0,0,21
23246,206,206,1612,0,0,0,21
23272,206,206,1613,0,16,0,21
23297,206,206,1617,0,12,0,21
23322,206,206,1618,0,27,0,21
23347,206,206,1620,0,25,0,21
23372,206,206,1620,0,28,0,21
23397,206,206,1620,0,28,0,21
23422,206,206,1620,0,28,0,21
23447,206,206,1620,0,28,0,21
23472,206,206,1620,0,28,0,21
23497,206,206,1620,0,28,0,21
23522,206,206,1620,0,28,0,21
23547,206,206,1620,0,28,0,21
23572,275,275,1624,0,0,0,21
23597,275,275,1628,0,0,0,21
23623,275,275,1644,0,0,0,21
23650,275,275,1661,0,0,1,21
23675,275,275,1684,0,0,0,21
23700,275,275,1703,0,0,0,21
23725,275,275,1734,0,0,0,21
23750,275,275,1756,0,0,0,21
23776,275,275,1779,0,0,0,22
23801,275,275,1789,0,0,0,22
23826,275,275,1802,0,0,0,22
23851,275,275,1807,0,0,0,22
23876,275,275,1814,0,0,0,22
23901,275,275,1818,0,0,0,22
23926,275,275,1821,0,0,0,22
23951,275,275,1822,0,0,0,22
23976,275,275,1823,0,0,0,22
24001,275,275,1823,0,0,0,22
24029,275,275,1830,0,4,2,22
24054,275,275,1864,0,0,0,22
24079,275,275,1896,0,0,0,22
24105,275,275,1927,0,0,0,22
24130,275,275,1949,0,0,0,22
24155,251,275,1974,24,0,0,22
24180,237,275,1989,38,0,0,22
24205,230,275,1995,45,0,0,22
24230,224,275,2001,51,0,0,22
24258,223,275,2003,52,21,0,22
24283,219,275,2007,56,21,0,22
24309,216,275,2009,59,28,0,22
24334,216,275,2009,59,28,0,22
24359,216,275,2009,59,28,0,22
24384,216,275,2009,59,28,0,22
24408,216,275,2009,59,28,0,22
24434,214,275,2011,61,28,0,22
24459,212,275,2014,63,28,0,22
24484,203,275,2022,72,28,0,22
24509,189,275,2037,86,28,0,22
24534,176,275,2049,99,28,0,22
24559,160,275,2065,115,28,0,22
24584,147,275,2078,128,28,0,22
24610,144,275,2081,131,28,0,22
24635,137,275,2088,138,28,0,22
24660,126,275,2099,149,28,0,22
24685,118,275,2107,157,28,0,22
24710,101,367,2124,266,28,0,22
24734,86,367,2140,281,28,0,22
24760,72,367,2153,295,28,0,22
24785,55,367,2170,312,28,0,22
24810,41,367,2184,326,28,0,22
24835,35,367,2190,332,28,1,22
24860,30,367,2195,337,28,0,22
24885,26,367,2199,341,28,0,22
24910,26,367,2199,341,28,0,22
24935,24,367,2201,343,28,0,22
24960,24,367,2201,343,28,0,22
24985,22,367,2205,345,28,0,22
25010,90,367,2207,277,0,0,22
25035,90,367,2207,277,0,0,22
25059,89,367,2208,278,12,0,22
25085,89,367,2208,278,12,0,22
25110,89,367,2208,278,28,0,22
25135,279,367,2210,88,0,0,22
25160,367,367,2211,0,0,0,22
25185,367,367,2211,0,0,0,22
25210,367,367,2211,0,0,0,22
25235,367,367,2212,0,0,0,22
25261,367,367,2213,0,0,0,22
25286,367,367,2214,0,0,0,22
25311,367,367,2214,0,0,0,22
25336,367,367,2217,0,0,0,22
25361,367,367,2223,0,0,0,22
25386,367,367,2237,0,0,0,22
25414,367,367,2250,0,0,1,22
25439,367,367,2275,0,0,0,22
25464,367,367,2316,0,0,0,22
25491,367,367,2331,0,0,0,22
25516,367,367,2361,0,0,0,22
25541,367,367,2372,0,0,0,22
25566,367,367,2375,0,0,0,22
25591,367,367,2380,0,0,0,22
25616,367,367,2383,0,0,0,22
25642,367,367,2387,0,0,0,22
25667,367,367,2388,0,0,0,22
25692,367,367,2388,0,0,0,22
25717,367,367,2388,0,0,0,22
25742,367,367,2391,0,0,0,22
25767,367,367,2402,0,0,0,22
25799,367,367,2421,0,0,1,22
25824,367,367,2451,0,0,0,22
25851,367,367,2469,0,0,1,22
25875,367,367,2490,0,0,0,22
25903,367,367,2515,0,0,2,22
25928,367,367,2547,0,0,0,22
25953,367,367,2558,0,0,28,22
25978,367,367,2572,0,0,0,22
26003,367,367,2578,0,0,1,22
26028,367,367,2580,0,0,0,22
26052,367,367,2583,0,0,0,22
26078,367,367,2585,0,0,0,22
26103,367,367,2586,0,0,20,22
26128,367,367,2588,0,0,0,22
26153,367,367,2588,0,0,27,22
26178,367,367,2588,0,0,0,22
26203,367,367,2589,0,0,26,22
26228,367,367,2593,0,0,0,22
26253,367,367,2597,0,5,21,22
26278,367,367,2613,0,0,0,22
26303,490,490,2631,0,0,26,24
26328,490,490,2663,0,0,0,24
26353,490,490,2688,0,0,12,24
26378,490,490,2719,0,0,1,24
26403,490,490,2743,0,0,24,24
26428,490,490,2769,0,0,0,24
26453,490,490,2807,0,0,25,24
26478,490,490,2825,0,0,0,24
26504,490,490,2835,0,0,0,24
26532,490,490,2847,0,0,1,24
26557,490,490,2860,0,0,0,24
26582,490,490,2873,0,0,0,24
26608,490,490,2882,0,0,0,24
26633,490,490,2888,0,0,0,24
26658,490,490,2890,0,0,0,24
26683,490,490,2890,0,0,0,24
26708,490,490,2892,0,0,0,24
26733,490,490,2893,0,0,0,24
26759,490,490,2895,0,0,0,24
26784,490,490,2896,0,0,0,24
26809,490,490,2897,0,0,0,24
26835,490,490,2905,0,0,0,24
26860,490,490,2919,0,0,0,24
26885,490,490,2936,0,0,0,24
26910,490,490,2949,0,0,0,24
26935,490,490,2964,0,0,0,24
26965,490,490,2978,0,0,0,24
26990,490,490,2996,0,0,0,24
27015,490,490,3013,0,0,0,24
27040,490,490,3027,0,0,0,24
27066,490,490,3043,0,0,0,24
27091,490,490,3065,0,0,0,24
27116,490,490,3079,0,0,0,24
27141,490,490,3110,0,0,0,24
27171,575,575,3136,0,0,1,24
27196,575,575,3156,0,0,0,24
27221,575,575,3166,0,0,0,24
27246,575,575,3176,0,0,0,24
27271,575,575,3182,0,0,0,24
27295,575,575,3185,0,0,0,24
27321,575,575,3195,0,0,0,24
27346,575,575,3201,0,0,0,24
27377,575,575,3213,0,0,0,24
27403,575,575,3234,0,0,26,24
27428,575,575,3251,0,0,0,24
27453,575,575,3261,0,0,26,24
27478,575,575,3273,0,0,0,24
27503,575,575,3275,0,0,26,24
27528,575,575,3284,0,0,0,24
27553,575,575,3287,0,0,27,24
27578,575,575,3297,0,0,0,24
27605,575,575,3309,0,0,27,24
27630,575,575,3322,0,0,0,24
27655,575,575,3339,0,0,0,24
27680,575,575,3354,0,0,0,24
27705,575,575,3369,0,0,0,24
27730,575,575,3387,0,0,0,24
27755,575,575,3409,0,0,0,25
27780,575,575,3430,0,0,0,25
27805,575,575,3451,0,0,0,25
27830,575,575,3466,0,0,0,25
27855,575,575,3484,0,0,0,25
27880,575,575,3523,0,0,0,25
27906,575,575,3572,0,0,0,25
27931,575,575,3603,0,0,0,25
27956,575,575,3632,0,0,0,25
27981,575,575,3648,0,0,0,25
28006,568,575,3657,7,0,0,25
28033,554,575,3674,21,0,0,25
28057,523,575,3701,52,0,28,25
28083,495,575,3729,80,0,0,25
28108,486,575,3739,89,0,0,25
28133,486,575,3744,89,0,0,25
28158,473,575,3758,102,0,0,25
28183,463,575,3767,112,0,0,25
28208,458,575,3772,117,0,0,25
28233,459,575,3777,116,0,0,25
28259,452,575,3784,123,0,0,25
28291,441,575,3798,134,0,1,25
28316,409,575,3829,166,0,1,25
28364,381,575,3856,194,0,1,25
28389,356,575,3880,219,0,0,25
28418,349,575,3888,226,0,1,25
28443,336,575,3900,239,0,0,25
28468,331,575,3905,244,0,0,25
28493,326,575,3910,249,0,0,25
28518,317,575,3919,258,0,0,25
28543,307,575,3929,268,0,0,25
28569,291,575,3947,284,21,0,25
28594,264,575,3973,311,21,0,25
28619,245,575,3992,330,28,0,25
28644,235,575,4002,340,28,0,25
28669,230,575,4006,345,28,0,25
28694,227,575,4009,348,28,0,25
28718,227,575,4015,348,22,0,25
28744,226,575,4016,349,22,0,25
28769,223,575,4019,352,28,0,25
28794,220,575,4022,355,28,0,25
28819,213,575,4029,362,28,0,25
28844,196,575,4046,379,28,0,25
28869,179,575,4063,396,28,0,25
28894,170,575,4072,405,28,0,25
28919,156,575,4087,419,28,0,25
28944,145,575,4097,430,28,0,25
28969,135,575,4107,440,28,0,25
28995,115,575,4127,460,28,0,25
29020,92,575,4150,483,28,0,25
29045,74,575,4168,501,28,0,25
29070,67,575,4175,508,28,0,25
29095,59,575,4183,516,28,0,25
29120,54,575,4188,521,28,0,25
29145,42,575,4200,533,28,0,25
29169,37,575,4205,538,28,0,25
29195,32,575,4210,543,28,0,25
29220,31,575,4211,544,28,0,25
29245,27,575,4215,548,28,0,25
29270,25,575,4217,550,28,0,25
29295,24,575,4218,551,28,0,25
29320,25,575,4221,550,24,0,25
29345,24,575,4222,551,24,0,25
29370,94,575,4223,481,0,0,25
29395,94,575,4223,481,0,0,25
29421,115,575,4225,460,0,0,25
29446,138,575,4226,437,0,0,25
29471,138,575,4226,437,0,0,25
29496,240,575,4229,335,0,0,25
29521,240,575,4229,335,0,0,25
29546,240,575,4229,335,0,0,25
29571,240,575,4229,335,0,0,25
29597,338,575,4230,237,0,0,25
29622,338,575,4230,237,0,0,25
29647,338,575,4230,237,0,0,25
29672,336,575,4232,239,0,0,25
29697,335,575,4233,240,0,0,25
29722,330,575,4238,245,0,0,25
29747,322,575,4247,253,0,0,25
29773,504,575,4264,71,0,0,25
29798,575,575,4283,0,0,0,25
29823,575,575,4290,0,0,0,25
29851,575,575,4299,0,0,0,25
29877,575,575,4337,0,0,1,25
29902,575,575,4378,0,0,0,25
29927,575,575,4397,0,0,0,25
29952,575,575,4419,0,0,0,25
29977,575,575,4435,0,0,0,25
30003,575,575,4446,0,0,0,25
30028,575,575,4449,0,0,0,25
30053,575,575,4453,0,0,1,25
30078,575,575,4456,0,0,0,25
30103,575,575,4465,0,0,0,25
30129,575,575,4475,0,0,0,25
30153,575,575,4504,0,0,21,25
30179,575,575,4537,0,0,0,25
30213,575,575,4549,0,0,2,25
30238,575,575,4554,0,0,0,25
30263,575,575,4559,0,0,0,25
30289,575,575,4559,0,0,0,25
30314,575,575,4559,0,0,0,25
30339,575,575,4560,0,0,0,25
30364,575,575,4561,0,0,0,25
30389,575,575,4562,0,0,0,25
30414,575,575,4567,0,0,0,25
30439,575,575,4580,0,0,0,25
30465,575,575,4602,0,0,0,25
30490,575,575,4621,0,0,0,25
30515,575,575,4642,0,0,0,25
30541,575,575,4659,0,0,1,25
30566,575,575,4683,0,0,0,25
30591,575,575,4705,0,0,0,25
30616,575,575,4724,0,0,0,25
30641,575,575,4732,0,0,0,25
30666,575,575,4741,0,0,0,25
30692,575,575,4746,0,0,0,25
30717,575,575,4754,0,0,0,25
30742,575,575,4757,0,0,0,25
30769,575,575,4758,0,0,0,25
30794,575,575,4758,0,0,0,25
30819,575,575,4759,0,0,1,25
30844,575,575,4763,0,0,0,25
30870,575,575,4769,0,0,0,25
30895,575,575,4790,0,0,0,25
30920,575,575,4807,0,0,0,25
30945,575,575,4822,0,0,0,25
30969,575,575,4838,0,0,0,25
30995,575,575,4844,0,0,0,25
31020,575,575,4851,0,0,0,25
31045,575,575,4856,0,0,0,25
31071,575,575,4864,0,0,1,25
31096,575,575,4898,0,0,0,25
31121,575,575,4928,0,0,0,25
31146,575,575,4966,0,0,0,25
31171,575,575,4993,0,0,0,25
31196,575,575,5022,0,0,0,25
31221,575,575,5033,0,0,0,25
31246,575,575,5040,0,0,0,25
31271,575,575,5047,0,0,0,25
31296,575,575,5054,0,0,0,25
31320,575,575,5056,0,0,0,25
31346,575,575,5059,0,0,0,25
31371,575,575,5064,0,0,0,25
31396,575,575,5076,0,0,0,25
31421,575,575,5100,0,0,0,25
31446,575,575,5118,0,0,0,25
31471,575,575,5133,0,0,0,25
31496,575,575,5143,0,0,0,25
31521,575,575,5151,0,0,0,25
31546,575,575,5157,0,0,0,25
31571,575,575,5161,0,0,0,25
31598,575,575,5173,0,0,1,25
31623,575,575,5189,0,0,0,25
31656,575,575,5216,0,0,1,25
31681,575,575,5249,0,0,0,25
31706,575,575,5277,0,0,0,25
31731,575,575,5303,0,0,0,25
31756,575,575,5316,0,0,0,25
31781,575,575,5326,0,0,0,25
31806,575,575,5337,0,0,0,25
31831,575,575,5343,0,0,0,25
31856,575,575,5344,0,0,0,25
31881,575,575,5346,0,0,0,25
31908,575,575,5351,0,0,8,25
31933,575,575,5361,0,0,0,25
31959,575,575,5378,0,0,0,25
31984,575,575,5395,0,0,0,25
32009,575,575,5415,0,0,0,25
32034,575,575,5432,0,0,0,25
32059,575,575,5441,0,0,0,25
32084,575,575,5460,0,0,0,25
32109,575,575,5482,0,0,0,25
32134,575,575,5502,0,0,0,25
32159,575,575,5518,0,0,0,25
32184,575,575,5531,0,0,0,25
32209,575,575,5545,0,0,0,25
32234,575,575,5564,0,0,0,25
32259,575,575,5587,0,0,0,25
32284,575,575,5601,0,0,0,25
32309,575,575,5617,0,0,0,25
32334,575,575,5624,0,0,0,25
32360,575,575,5628,0,0,1,25
32385,575,575,5644,0,0,0,25
32410,575,575,5657,0,0,0,25
32436,575,575,5673,0,0,0,25
32461,570,575,5701,5,0,0,25
32490,532,575,5739,43,0,0,25
32515,503,575,5773,72,0,0,25
32540,481,575,5795,94,0,0,25
32569,460,575,5816,115,0,1,25
32594,446,575,5829,129,0,0,25
32619,442,575,5833,133,0,0,25
32644,430,575,5846,145,0,0,25
32669,425,575,5851,150,0,0,25
32694,419,575,5856,156,0,0,25
32720,415,575,5860,160,0,0,25
32745,412,575,5863,163,0,0,25
32770,410,575,5865,165,0,0,25
32795,409,575,5866,166,0,0,25
32820,408,575,5868,167,0,0,25
32845,401,575,5874,174,0,0,25
32870,388,575,5887,187,0,0,25
32895,369,575,5907,206,0,0,25
32920,345,575,5931,230,11,0,25
32945,334,575,5953,241,0,0,25
32970,308,575,5979,267,27,0,25
32995,282,575,6005,293,27,0,25
33020,261,575,6026,314,28,0,25
33045,242,575,6046,333,28,0,25
33071,232,575,6055,343,28,0,25
33096,228,575,6060,347,28,0,25
33121,218,575,6069,357,28,0,25
33146,193,575,6095,382,28,0,25
33171,169,575,6118,406,28,0,25
33197,155,575,6133,420,28,0,25
33222,143,575,6144,432,28,0,25
33247,137,575,6151,438,28,0,25
33272,128,575,6159,447,28,0,25
33297,123,575,6164,452,28,0,25
33321,121,575,6166,454,28,0,25
33347,115,575,6172,460,28,0,25
33372,102,575,6186,473,28,0,25
33397,81,575,6207,494,28,0,25
33422,64,575,6224,511,28,0,25
33447,48,575,6239,527,28,0,25
33472,40,575,6247,535,28,0,25
33497,34,575,6253,541,28,0,25
33523,33,575,6254,542,28,0,25
33548,29,575,6258,546,28,0,25
33573,28,575,6260,547,28,0,25
33598,24,575,6264,551,28,0,25
33623,23,575,6265,552,28,0,25
33648,20,575,6268,555,28,0,25
33674,33,575,6270,542,13,0,25
33699,33,575,6270,542,13,0,25
33724,33,575,6270,542,28,0,25
33749,131,575,6271,444,0,0,25
33774,131,575,6271,444,0,0,25
33799,136,575,6272,439,0,0,25
33825,146,575,6274,429,0,0,25
33850,145,575,6275,430,0,0,25
33875,219,575,6276,356,0,0,25
33900,218,575,6277,357,0,0,25
33925,218,575,6277,357,0,0,25
33950,316,575,6278,259,0,0,25
33975,316,575,6278,259,0,0,25
34000,316,575,6278,259,0,0,25
34025,316,575,6278,259,0,0,25
34050,394,575,6279,181,0,0,25
34075,389,575,6284,186,0,0,25
34100,575,575,6295,0,0,0,25
34125,575,575,6322,0,0,0,25
34150,575,575,6340,0,0,0,25
34175,575,575,6369,0,0,0,25
34200,575,575,6375,0,0,0,25
34226,575,575,6383,0,0,0,25
34251,575,575,6398,0,0,0,25
34276,575,575,6417,0,0,0,25
34301,575,575,6438,0,0,0,25
34326,575,575,6455,0,0,0,25
34351,575,575,6467,0,0,0,25
34376,575,575,6472,0,0,0,25
34401,575,575,6475,0,0,0,25
34427,575,575,6476,0,0,0,25
34452,575,575,6484,0,0,0,25
34477,575,575,6486,0,0,0,25
34502,575,575,6487,0,0,0,25
34527,575,575,6487,0,0,0,25
34552,575,575,6487,0,0,1,25
34578,575,575,6489,0,0,0,25
34603,575,575,6496,0,0,0,25
34628,575,575,6505,0,0,0,25
34653,575,575,6528,0,0,26,25
34678,575,575,6555,0,0,0,25
34703,575,575,6588,0,0,20,25
34728,575,575,6609,0,0,0,25
34753,575,575,6630,0,0,26,25
34778,575,575,6639,0,0,0,25
34803,575,575,6645,0,0,23,25
34831,575,575,6650,0,0,0,25
34856,575,575,6654,0,0,0,25
34881,575,575,6661,0,0,0,25
34906,575,575,6662,0,0,0,25
34931,575,575,6667,0,0,0,25
34956,575,575,6680,0,0,0,25
34981,575,575,6696,0,0,0,25
35006,575,575,6722,0,0,0,25
35031,575,575,6735,0,0,0,25
35056,575,575,6745,0,0,0,25
35081,575,575,6764,0,0,0,25
35106,575,575,6774,0,0,0,25
35131,575,575,6798,0,0,0,25
35157,575,575,6823,0,0,5,25
35182,575,575,6847,0,0,0,25
35207,575,575,6852,0,0,0,25
35233,575,575,6856,0,0,0,25
35258,575,575,6859,0,0,0,25
35284,575,575,6864,0,0,0,25
35309,575,575,6883,0,0,0,25
35334,575,575,6902,0,0,0,25
35359,575,575,6921,0,0,0,25
35384,575,575,6939,0,0,0,25
35409,575,575,6943,0,0,0,25
35434,575,575,6953,0,0,0,25
35460,575,575,6966,0,0,29,25
35485,575,575,6997,0,0,0,25
35510,575,575,7019,0,0,0,25
35535,575,575,7034,0,0,0,25
35561,575,575,7051,0,0,0,25
35586,575,575,7057,0,0,0,25
35611,575,575,7061,0,0,0,25
35636,575,575,7066,0,0,0,25
35662,575,575,7071,0,0,28,25
35687,575,575,7104,0,0,0,25
35712,575,575,7135,0,0,0,25
35737,575,575,7174,0,0,0,25
35762,575,575,7203,0,0,0,25
35786,575,575,7225,0,0,0,25
35812,575,575,7252,0,0,0,25
35837,575,575,7266,0,0,0,25
35862,575,575,7284,0,0,0,25
35887,575,575,7295,0,0,0,25
35912,575,575,7304,0,0,0,25
35937,575,575,7312,0,0,0,25
35961,575,575,7316,0,0,0,25
35987,575,575,7317,0,0,0,25
36012,575,575,7318,0,0,0,25
36037,575,575,7322,0,0,0,25
36062,575,575,7328,0,0,0,25
36087,575,575,7328,0,0,0,25
36113,575,575,7331,0,0,0,25
36138,575,575,7344,0,0,0,25
36163,575,575,7370,0,0,0,25
36194,575,575,7381,0,0,1,25
36219,575,575,7398,0,0,0,25
36244,575,575,7404,0,0,0,25
36269,575,575,7418,0,0,0,25
36294,575,575,7429,0,0,0,25
36319,575,575,7458,0,0,0,25
36344,575,575,7481,0,0,0,25
36369,569,575,7498,6,0,0,25
36394,562,575,7505,13,0,0,25
36419,551,575,7516,24,0,0,25
36444,543,575,7524,32,0,0,25
36469,534,575,7533,41,0,0,25
36494,525,575,7542,50,0,0,25
36519,516,575,7557,59,0,0,25
36544,499,575,7569,76,0,0,25
36569,485,575,7583,90,0,0,25
36594,453,575,7615,122,0,0,25
36620,424,575,7646,151,0,0,25
36645,396,575,7671,179,0,0,25
36670,375,575,7698,200,0,1,25
36695,351,575,7722,224,0,0,25
36720,342,575,7731,233,0,0,25
36746,335,575,7738,240,0,0,25
36771,326,575,7747,249,0,0,25
36796,320,575,7753,255,0,0,25
36821,316,575,7757,259,0,0,25
36846,313,575,7760,262,0,0,25
36871,312,575,7761,263,22,0,25
36896,311,575,7762,264,22,0,25
36926,309,575,7771,266,28,1,25
36951,290,575,7790,285,28,0,25
36976,272,575,7807,303,28,0,25
37002,255,575,7824,320,28,0,25
37027,246,575,7833,329,28,0,25
37052,239,575,7841,336,28,0,25
37077,228,575,7851,347,28,0,25
37102,216,575,7863,359,28,0,25
37127,197,575,7883,378,28,0,25
37153,178,575,7901,397,28,0,25
37178,162,575,7917,413,28,0,25
37203,154,575,7925,421,28,0,25
37228,141,575,7938,434,28,0,25
37253,134,575,7945,441,28,0,25
37278,120,575,7960,455,28,0,25
37303,103,575,7978,472,28,0,25
37328,86,575,7994,489,28,0,25
37354,54,575,8026,521,28,1,25
37379,38,575,8041,537,28,0,25
37404,31,575,8048,544,28,0,25
37429,29,575,8050,546,28,0,25
37454,27,575,8052,548,28,0,25
37479,26,575,8053,549,28,0,25
37503,25,575,8054,550,28,1,25
37529,24,575,8055,551,28,0,25
37554,165,575,8058,410,0,0,25
37579,174,575,8059,401,0,0,25
37604,172,575,8061,403,0,0,25
37629,172,575,8061,403,0,0,25
37654,340,575,8064,235,0,0,25
37679,339,575,8065,236,0,0,25
37704,339,575,8065,236,0,0,25
37729,339,575,8065,236,0,0,25
37754,344,575,8066,231,0,0,25
37779,442,575,8067,133,0,0,25
37804,540,575,8068,35,0,0,25
37829,540,575,8068,35,0,0,25
37854,540,575,8068,35,0,0,25
37880,575,575,8069,0,0,0,25
37905,575,575,8069,0,0,0,25
37930,575,575,8071,0,0,0,25
37955,575,575,8071,0,0,0,25
37980,575,575,8072,0,0,0,25
38005,575,575,8081,0,0,0,25
38030,575,575,8088,0,0,0,25
38054,575,575,8101,0,0,1,25
38080,575,575,8117,0,0,0,25
38105,575,575,8134,0,0,0,25
38130,575,575,8163,0,0,0,25
38167,575,575,8185,0,0,0,25
38192,575,575,8199,0,0,0,25
38217,575,575,8222,0,0,0,25
38242,575,575,8256,0,0,0,25
38267,575,575,8288,0,0,0,25
38292,575,575,8307,0,0,0,25
38318,575,575,8317,0,0,0,25
38343,575,575,8330,0,0,0,25
38368,575,575,8353,0,0,0,25
38393,575,575,8367,0,0,0,25
38418,575,575,8372,0,0,0,25
38443,575,575,8382,0,0,0,25
38468,575,575,8386,0,0,0,25
38494,575,575,8390,0,0,0,25
38519,575,575,8399,0,0,0,25
38544,575,575,8416,0,0,0,25
38569,575,575,8447,0,0,0,25
38594,575,575,8467,0,0,0,25
38619,575,575,8483,0,0,0,25
38644,575,575,8503,0,0,0,25
38669,575,575,8531,0,0,0,25
38694,575,575,8565,0,0,0,25
38719,575,575,8583,0,0,0,25
38744,575,575,8590,0,0,0,25
38769,575,575,8598,0,0,0,25
38794,575,575,8599,0,0,0,25
38819,575,575,8602,0,0,0,25
38845,575,575,8602,0,0,0,25
38870,575,575,8603,0,0,0,25
38895,575,575,8603,0,0,0,25
38920,575,575,8604,0,0,0,25
38945,575,575,8607,0,0,0,25
38970,575,575,8608,0,0,0,25
38995,575,575,8615,0,0,0,25
39024,575,575,8636,0,0,0,25
39049,575,575,8663,0,0,0,25
39080,575,575,8678,0,0,1,25
39104,575,575,8685,0,0,0,25
39130,575,575,8690,0,0,0,25
39155,575,575,8702,0,0,0,25
39180,575,575,8730,0,0,0,25
39205,575,575,8752,0,0,28,25
39230,575,575,8773,0,0,0,25
39256,575,575,8784,0,0,0,25
39281,575,575,8790,0,0,0,25
39306,575,575,8795,0,0,0,25
39331,575,575,8797,0,0,0,25
39356,575,575,8801,0,0,0,25
39380,575,575,8804,0,0,0,25
39406,575,575,8809,0,0,0,25
39431,575,575,8820,0,0,0,25
39456,575,575,8841,0,0,0,25
39482,575,575,8860,0,0,0,25
39507,575,575,8879,0,0,0,25
39532,575,575,8892,0,0,0,25
39557,575,575,8909,0,0,0,25
39582,575,575,8934,0,0,0,25
39607,575,575,8960,0,0,0,25
39633,575,575,8971,0,0,0,25
39658,575,575,8975,0,0,0,25
39683,575,575,8981,0,0,0,25
39708,575,575,8988,0,0,0,25
39733,575,575,8992,0,0,0,25
39758,575,575,8994,0,0,0,25
39783,575,575,9000,0,0,0,25
39807,575,575,9006,0,0,0,25
39833,575,575,9026,0,0,0,25
39858,575,575,9043,0,0,0,25
39883,575,575,9059,0,0,0,25
39908,575,575,9071,0,0,0,25
39933,575,575,9084,0,0,0,25
39958,575,575,9111,0,0,0,25
39983,575,575,9137,0,0,0,25
40009,575,575,9163,0,0,0,25
40034,575,575,9171,0,0,0,25
40059,575,575,9181,0,0,0,25
40084,575,575,9188,0,0,0,25
40109,575,575,9198,0,0,0,25
40134,575,575,9205,0,0,0,25
40159,575,575,9218,0,0,0,25
40186,575,575,9236,0,0,0,25
40211,575,575,9256,0,0,0,25
40236,575,575,9268,0,0,0,25
40261,575,575,9281,0,0,0,25
40286,575,575,9296,0,0,0,25
40310,575,575,9315,0,0,0,25
40338,575,575,9337,0,0,1,25
40363,575,575,9360,0,0,0,25
40388,575,575,9380,0,0,0,25
40412,575,575,9398,0,0,0,25
40438,575,575,9418,0,0,0,25
40463,575,575,9440,0,0,0,25
40488,575,575,9459,0,0,0,25
40513,575,575,9467,0,0,0,25
40538,575,575,9475,0,0,0,25
40564,575,575,9483,0,0,0,25
40590,575,575,9489,0,0,0,25
40615,575,575,9491,0,0,0,25
40640,573,575,9493,2,0,0,25
40665,572,575,9494,3,0,0,25
40690,557,575,9510,18,0,0,25
40715,533,575,9538,42,0,0,25
40740,496,575,9570,79,0,0,25
40772,485,575,9582,90,0,9,25
40797,422,575,9646,153,0,0,25
40826,382,575,9689,193,0,0,25
40851,352,575,9714,223,0,0,25
40876,337,575,9729,238,0,0,25
40901,325,575,9742,250,0,0,25
40927,313,575,9753,262,0,0,25
40952,310,575,9757,265,0,0,25
40977,302,575,9764,273,0,0,25
41002,299,575,9767,276,0,0,25
41027,297,575,9769,278,1,0,25
41053,294,575,9772,281,28,0,25
41078,286,575,9780,289,28,0,25
41104,263,575,9804,312,28,0,25
41129,240,575,9826,335,28,0,25
41162,218,575,9849,357,28,1,25
41187,202,575,9864,373,28,0,25
41212,196,575,9870,379,28,0,25
41237,189,575,9877,386,28,0,25
41262,171,575,9896,404,28,0,25
41287,132,575,9934,443,28,0,25
41320,110,575,9957,465,28,0,25
41345,80,575,9986,495,28,0,25
41370,63,575,10003,512,28,0,25
41395,50,575,10016,525,28,0,25
41420,40,575,10027,535,28,0,25
41445,32,575,10034,543,28,0,25
41470,27,575,10039,548,28,0,25
41495,25,575,10041,550,28,0,25
41520,21,575,10045,554,28,0,25
41545,17,575,10049,558,28,0,25
41570,16,575,10051,559,28,0,25
41595,14,575,10052,561,28,0,25
41620,13,575,10053,562,28,0,25
41645,12,575,10054,563,28,0,25
41671,8,575,10058,567,28,0,25
41696,7,575,10059,568,28,1,25
41721,6,575,10060,569,28,0,25
41746,6,575,10060,569,28,0,25
41771,6,575,10060,569,28,0,25
41796,3,575,10063,572,28,0,25
41821,1,575,10065,574,28,0,25
41847,1,575,10065,574,28,0,25
